Storytelling with Data: A Data Visualization Guide for Business Professionals,22.48,2024-04-07
Storytelling with Data: A Data Visualization Guide for Business Professionals,22.48,2024-04-07
Storytelling with Data: A Data Visualization Guide for Business Professionals,22.48,2024-04-07
Storytelling with Data: A Data Visualization Guide for Business Professionals,22.48,2024-04-07
Storytelling with Data: A Data Visualization Guide for Business Professionals,22.48,2024-04-07
Storytelling with Data: A Data Visualization Guide for Business Professionals,22.48,2024-04-07
Storytelling with Data: A Data Visualization Guide for Business Professionals,22.48,2024-04-07
Storytelling with Data: A Data Visualization Guide for Business Professionals,22.48,2024-04-07
Storytelling with Data: A Data Visualization Guide for Business Professionals,22.48,2024-04-07




















































































































































































































